{
  "lang":"en",
  "name":"pipeline",
  "version":"0.0.0",
  "spacy_version":">=3.7.2,<3.8.0",
  "description":"",
  "author":"",
  "email":"",
  "url":"",
  "license":"",
  "spacy_git_version":"a89eae928",
  "vectors":{
    "width":0,
    "vectors":0,
    "keys":0,
    "name":null,
    "mode":"default"
  },
  "labels":{
    "tok2vec":[

    ],
    "ner":[
      "CASE_NUMBER",
      "COURT",
      "DATE",
      "GPE",
      "JUDGE",
      "ORG",
      "OTHER_PERSON",
      "PETITIONER",
      "PRECEDENT",
      "PROVISION",
      "RESPONDENT",
      "STATUTE",
      "WITNESS"
    ]
  },
  "pipeline":[
    "tok2vec",
    "ner"
  ],
  "components":[
    "tok2vec",
    "ner"
  ],
  "disabled":[

  ],
  "performance":{
    "ents_f":0.9876966116,
    "ents_p":0.9859797105,
    "ents_r":0.9894195024,
    "ents_per_type":{
      "ORG":{
        "p":0.983459683,
        "r":0.9902845246,
        "f":0.9868603043
      },
      "OTHER_PERSON":{
        "p":0.9880329095,
        "r":0.9958537505,
        "f":0.9919279144
      },
      "WITNESS":{
        "p":0.9909502262,
        "r":0.9943246311,
        "f":0.9926345609
      },
      "GPE":{
        "p":0.983014862,
        "r":0.9935622318,
        "f":0.9882604055
      },
      "STATUTE":{
        "p":0.9928256071,
        "r":0.9972283814,
        "f":0.9950221239
      },
      "DATE":{
        "p":0.9984101749,
        "r":0.999469496,
        "f":0.9989395546
      },
      "PROVISION":{
        "p":0.9907988289,
        "r":0.9937080537,
        "f":0.9922513089
      },
      "COURT":{
        "p":0.9762996942,
        "r":0.9876256767,
        "f":0.9819300269
      },
      "PRECEDENT":{
        "p":0.9647577093,
        "r":0.9726128793,
        "f":0.9686693697
      },
      "CASE_NUMBER":{
        "p":0.9680232558,
        "r":0.9605769231,
        "f":0.9642857143
      },
      "PETITIONER":{
        "p":1.0,
        "r":0.9525862069,
        "f":0.9757174393
      },
      "JUDGE":{
        "p":0.9982206406,
        "r":0.9894179894,
        "f":0.9937998229
      },
      "RESPONDENT":{
        "p":0.9786585366,
        "r":0.9907407407,
        "f":0.9846625767
      }
    },
    "tok2vec_loss":4682.8845407488,
    "ner_loss":656.8875731519
  }
}