{
  "lang":"en",
  "name":"pipeline",
  "version":"0.0.0",
  "spacy_version":">=3.7.2,<3.8.0",
  "description":"",
  "author":"",
  "email":"",
  "url":"",
  "license":"",
  "spacy_git_version":"a89eae928",
  "vectors":{
    "width":0,
    "vectors":0,
    "keys":0,
    "name":null,
    "mode":"default"
  },
  "labels":{
    "tok2vec":[

    ],
    "ner":[
      "CASE_NUMBER",
      "COURT",
      "DATE",
      "GPE",
      "JUDGE",
      "ORG",
      "OTHER_PERSON",
      "PETITIONER",
      "PRECEDENT",
      "PROVISION",
      "RESPONDENT",
      "STATUTE",
      "WITNESS"
    ]
  },
  "pipeline":[
    "tok2vec",
    "ner"
  ],
  "components":[
    "tok2vec",
    "ner"
  ],
  "disabled":[

  ],
  "performance":{
    "ents_f":0.9909951116,
    "ents_p":0.9906835848,
    "ents_r":0.9913068344,
    "ents_per_type":{
      "ORG":{
        "p":0.9916608756,
        "r":0.9902845246,
        "f":0.9909722222
      },
      "OTHER_PERSON":{
        "p":0.9921171171,
        "r":0.9962306822,
        "f":0.9941696445
      },
      "WITNESS":{
        "p":0.9965909091,
        "r":0.9954597049,
        "f":0.9960249858
      },
      "GPE":{
        "p":0.9781536293,
        "r":0.9928469242,
        "f":0.9854455094
      },
      "STATUTE":{
        "p":0.9889988999,
        "r":0.9966740576,
        "f":0.9928216455
      },
      "DATE":{
        "p":0.998938992,
        "r":0.998938992,
        "f":0.998938992
      },
      "PROVISION":{
        "p":0.9958036089,
        "r":0.995385906,
        "f":0.9955947137
      },
      "COURT":{
        "p":0.9961089494,
        "r":0.9899458623,
        "f":0.9930178433
      },
      "PRECEDENT":{
        "p":0.984973704,
        "r":0.970392302,
        "f":0.9776286353
      },
      "CASE_NUMBER":{
        "p":0.9760076775,
        "r":0.9778846154,
        "f":0.976945245
      },
      "PETITIONER":{
        "p":0.9934354486,
        "r":0.9784482759,
        "f":0.9858849077
      },
      "JUDGE":{
        "p":0.9946808511,
        "r":0.9894179894,
        "f":0.9920424403
      },
      "RESPONDENT":{
        "p":0.9756838906,
        "r":0.9907407407,
        "f":0.9831546708
      }
    },
    "tok2vec_loss":3922.6220078475,
    "ner_loss":730.5579071997
  }
}